{"cameraMode":{"drawMode":0,"name":"Shaded","section":"Shading Mode"},"sceneLighting":false,"audioPlay":false,"sceneViewState":{"m_AlwaysRefresh":false,"showFog":true,"showSkybox":false,"showFlares":true,"showImageEffects":true,"showParticleSystems":true,"showVisualEffectGraphs":true,"m_FxEnabled":true},"in2DMode":false,"pivot":{"x":0.29243022203445437,"y":0.3934657573699951,"z":0.06356871128082276},"rotation":{"x":0.0023304554633796217,"y":-0.9951162338256836,"z":-0.024077003821730615,"w":-0.09591478854417801},"size":0.480495423078537,"orthographic":false}