{"cameraMode":{"drawMode":0,"name":"Shaded","section":"Shading Mode"},"sceneLighting":false,"audioPlay":false,"sceneViewState":{"m_AlwaysRefresh":false,"showFog":true,"showSkybox":false,"showFlares":true,"showImageEffects":true,"showParticleSystems":true,"showVisualEffectGraphs":true,"m_FxEnabled":true},"in2DMode":false,"pivot":{"x":0.047602057456970218,"y":0.02007579803466797,"z":66.36263275146485},"rotation":{"x":-0.09873481839895249,"y":0.8845319747924805,"z":-0.21815824508666993,"w":-0.4003385007381439},"size":3.458435297012329,"orthographic":false}