{"cameraMode":{"drawMode":0,"name":"Shaded","section":"Shading Mode"},"sceneLighting":true,"audioPlay":false,"sceneViewState":{"m_AlwaysRefresh":false,"showFog":true,"showSkybox":true,"showFlares":true,"showImageEffects":true,"showParticleSystems":true,"showVisualEffectGraphs":true,"m_FxEnabled":true},"in2DMode":false,"pivot":{"x":-0.09140467643737793,"y":-12.006645202636719,"z":1.3314955234527588},"rotation":{"x":-0.4940471351146698,"y":0.49883463978767397,"z":-0.4404415488243103,"w":-0.5595476627349854},"size":14.816479682922364,"orthographic":false}